timeStamp,elapsed,label,responseCode,responseMessage,threadName,dataType,success,failureMessage,bytes,sentBytes,grpThreads,allThreads,Latency,IdleTime,Connect
1527119385282,2779,Get ALLERGY allergens,200,OK,jp@gc Ultima Thread - Meta Allergen Only 1-7,text,true,,4058235,172,1,1,2769,0,40
1527119388656,2412,Get ALLERGY allergens,200,OK,jp@gc Ultima Thread - Meta Allergen Only 1-7,text,true,,4058235,172,2,2,2403,0,2
1527119391098,2611,Get ALLERGY allergens,200,OK,jp@gc Ultima Thread - Meta Allergen Only 1-6,text,true,,4058235,172,2,2,2596,0,1
1527119391436,3154,Get ALLERGY allergens,200,OK,jp@gc Ultima Thread - Meta Allergen Only 1-7,text,true,,4058235,172,2,2,3140,0,1
1527119394063,2988,Get ALLERGY allergens,200,OK,jp@gc Ultima Thread - Meta Allergen Only 1-6,text,true,,4058235,172,3,3,2962,0,1
1527119395031,3255,Get ALLERGY allergens,200,OK,jp@gc Ultima Thread - Meta Allergen Only 1-7,text,true,,4058235,172,3,3,3238,0,0
1527119396794,3538,Get ALLERGY allergens,200,OK,jp@gc Ultima Thread - Meta Allergen Only 1-5,text,true,,4058235,172,3,3,3516,0,1
1527119397398,4087,Get ALLERGY allergens,200,OK,jp@gc Ultima Thread - Meta Allergen Only 1-6,text,true,,4058235,172,3,3,4071,0,0
1527119398919,4403,Get ALLERGY allergens,200,OK,jp@gc Ultima Thread - Meta Allergen Only 1-7,text,true,,4058235,172,4,4,4368,0,1
1527119400695,4664,Get ALLERGY allergens,200,OK,jp@gc Ultima Thread - Meta Allergen Only 1-5,text,true,,4058235,172,4,4,4637,0,0
1527119401837,4785,Get ALLERGY allergens,200,OK,jp@gc Ultima Thread - Meta Allergen Only 1-6,text,true,,4058235,172,4,4,4646,0,0
1527119402561,5183,Get ALLERGY allergens,200,OK,jp@gc Ultima Thread - Meta Allergen Only 1-4,text,true,,4058235,172,5,5,5158,0,1
1527119403864,5405,Get ALLERGY allergens,200,OK,jp@gc Ultima Thread - Meta Allergen Only 1-7,text,true,,4058235,172,5,5,5369,0,1
1527119405758,5595,Get ALLERGY allergens,200,OK,jp@gc Ultima Thread - Meta Allergen Only 1-5,text,true,,4058235,172,5,5,5537,0,0
1527119407163,5666,Get ALLERGY allergens,200,OK,jp@gc Ultima Thread - Meta Allergen Only 1-6,text,true,,4058235,172,5,5,5633,0,0
1527119408042,6871,Get ALLERGY allergens,200,OK,jp@gc Ultima Thread - Meta Allergen Only 1-3,text,true,,4058235,172,6,6,6821,0,0
1527119408353,6757,Get ALLERGY allergens,200,OK,jp@gc Ultima Thread - Meta Allergen Only 1-4,text,true,,4058235,172,6,6,6692,0,1
1527119409879,7636,Get ALLERGY allergens,200,OK,jp@gc Ultima Thread - Meta Allergen Only 1-7,text,true,,4058235,172,6,6,7562,0,0
1527119411689,8243,Get ALLERGY allergens,200,OK,jp@gc Ultima Thread - Meta Allergen Only 1-5,text,true,,4058235,172,7,7,8163,0,0
1527119413199,8381,Get ALLERGY allergens,200,OK,jp@gc Ultima Thread - Meta Allergen Only 1-6,text,true,,4058235,172,7,7,7978,0,1
1527119413656,8707,Get ALLERGY allergens,200,OK,jp@gc Ultima Thread - Meta Allergen Only 1-2,text,true,,4058235,172,7,7,8631,0,0
1527119415390,9596,Get ALLERGY allergens,200,OK,jp@gc Ultima Thread - Meta Allergen Only 1-3,text,true,,4058235,172,7,7,9412,0,2
1527119415576,10078,Get ALLERGY allergens,200,OK,jp@gc Ultima Thread - Meta Allergen Only 1-4,text,true,,4058235,172,7,7,10019,0,0
1527119418044,9702,Get ALLERGY allergens,200,OK,jp@gc Ultima Thread - Meta Allergen Only 1-7,text,true,,4058235,172,7,7,9601,0,1
1527119419530,10408,Get ALLERGY allergens,200,OK,jp@gc Ultima Thread - Meta Allergen Only 1-1,text,true,,4058235,172,7,7,10287,0,1
1527119420239,11065,Get ALLERGY allergens,200,OK,jp@gc Ultima Thread - Meta Allergen Only 1-5,text,true,,4058235,172,7,7,10990,0,0
1527119422202,10074,Get ALLERGY allergens,200,OK,jp@gc Ultima Thread - Meta Allergen Only 1-6,text,true,,4058235,172,7,7,10020,0,1
1527119422968,10771,Get ALLERGY allergens,200,OK,jp@gc Ultima Thread - Meta Allergen Only 1-2,text,true,,4058235,172,7,7,10651,0,1
1527119425629,10536,Get ALLERGY allergens,200,OK,jp@gc Ultima Thread - Meta Allergen Only 1-3,text,true,,4058235,172,8,8,10104,0,0
1527119426210,10718,Get ALLERGY allergens,200,OK,jp@gc Ultima Thread - Meta Allergen Only 1-4,text,true,,4058235,172,8,8,10592,0,1
1527119428137,11506,Get ALLERGY allergens,200,OK,jp@gc Ultima Thread - Meta Allergen Only 1-7,text,true,,4058235,172,8,8,11419,0,1
1527119430340,12039,Get ALLERGY allergens,200,OK,jp@gc Ultima Thread - Meta Allergen Only 1-1,text,true,,4058235,172,9,9,11837,0,1
1527119431888,11437,Get ALLERGY allergens,200,OK,jp@gc Ultima Thread - Meta Allergen Only 1-5,text,true,,4058235,172,9,9,11218,0,0
1527119432627,11552,Get ALLERGY allergens,200,OK,jp@gc Ultima Thread - Meta Allergen Only 1-6,text,true,,4058235,172,9,9,11436,0,1
1527119434362,12166,Get ALLERGY allergens,200,OK,jp@gc Ultima Thread - Meta Allergen Only 1-2,text,true,,4058235,172,10,10,11709,0,0
1527119435379,12590,Get ALLERGY allergens,200,OK,jp@gc Ultima Thread - Meta Allergen Only 1-14,text,true,,4058235,172,10,10,12362,0,1
1527119436796,12264,Get ALLERGY allergens,200,OK,jp@gc Ultima Thread - Meta Allergen Only 1-3,text,true,,4058235,172,10,10,11997,0,0
1527119437257,12694,Get ALLERGY allergens,200,OK,jp@gc Ultima Thread - Meta Allergen Only 1-4,text,true,,4058235,172,10,10,12492,0,1
1527119440228,14824,Get ALLERGY allergens,200,OK,jp@gc Ultima Thread - Meta Allergen Only 1-7,text,true,,4058235,172,11,11,14278,0,1
1527119440823,14900,Get ALLERGY allergens,200,OK,jp@gc Ultima Thread - Meta Allergen Only 1-13,text,true,,4058235,172,11,11,14508,0,0
1527119442754,13323,Get ALLERGY allergens,200,OK,jp@gc Ultima Thread - Meta Allergen Only 1-1,text,true,,4058235,172,11,11,13188,0,1
1527119443927,14845,Get ALLERGY allergens,200,OK,jp@gc Ultima Thread - Meta Allergen Only 1-5,text,true,,4058235,172,12,12,13899,0,1
1527119444759,14489,Get ALLERGY allergens,200,OK,jp@gc Ultima Thread - Meta Allergen Only 1-6,text,true,,4058235,172,12,12,14224,0,0
1527119446852,14068,Get ALLERGY allergens,200,OK,jp@gc Ultima Thread - Meta Allergen Only 1-12,text,true,,4058235,172,12,12,13797,0,2
1527119447121,15347,Get ALLERGY allergens,200,OK,jp@gc Ultima Thread - Meta Allergen Only 1-2,text,true,,4058235,172,12,12,15120,0,0
1527119448553,15944,Get ALLERGY allergens,200,OK,jp@gc Ultima Thread - Meta Allergen Only 1-14,text,true,,4058235,172,13,13,15510,0,0
1527119449466,15628,Get ALLERGY allergens,200,OK,jp@gc Ultima Thread - Meta Allergen Only 1-3,text,true,,4058235,172,13,13,15284,0,1
1527119450375,15995,Get ALLERGY allergens,200,OK,jp@gc Ultima Thread - Meta Allergen Only 1-4,text,true,,4058235,172,13,13,15629,0,1
1527119452219,16683,Get ALLERGY allergens,200,OK,jp@gc Ultima Thread - Meta Allergen Only 1-11,text,true,,4058235,172,13,13,16184,0,1
1527119455535,16798,Get ALLERGY allergens,200,OK,jp@gc Ultima Thread - Meta Allergen Only 1-7,text,true,,4058235,172,14,14,16381,0,0
1527119456301,16437,Get ALLERGY allergens,200,OK,jp@gc Ultima Thread - Meta Allergen Only 1-13,text,true,,4058235,172,14,14,15941,0,1
1527119456464,17271,Get ALLERGY allergens,200,OK,jp@gc Ultima Thread - Meta Allergen Only 1-1,text,true,,4058235,172,14,14,17061,0,0
1527119458217,17049,Get ALLERGY allergens,200,OK,jp@gc Ultima Thread - Meta Allergen Only 1-10,text,true,,4058235,172,14,14,16681,0,0
1527119459322,17506,Get ALLERGY allergens,200,OK,jp@gc Ultima Thread - Meta Allergen Only 1-5,text,true,,4058235,172,14,14,17133,0,1
1527119459706,18332,Get ALLERGY allergens,200,OK,jp@gc Ultima Thread - Meta Allergen Only 1-6,text,true,,4058235,172,14,14,18041,0,0
1527119461385,19436,Get ALLERGY allergens,200,OK,jp@gc Ultima Thread - Meta Allergen Only 1-12,text,true,,4058235,172,14,14,18416,0,0
1527119462793,18721,Get ALLERGY allergens,200,OK,jp@gc Ultima Thread - Meta Allergen Only 1-2,text,true,,4058235,172,14,14,18343,0,0
1527119463650,19503,Get ALLERGY allergens,200,OK,jp@gc Ultima Thread - Meta Allergen Only 1-9,text,true,,4058235,172,14,14,19193,0,1
1527119464984,19626,Get ALLERGY allergens,200,OK,jp@gc Ultima Thread - Meta Allergen Only 1-14,text,true,,4058235,172,15,15,19033,0,0
1527119465450,19671,Get ALLERGY allergens,200,OK,jp@gc Ultima Thread - Meta Allergen Only 1-3,text,true,,4058235,172,15,15,19378,0,1
1527119466934,19689,Get ALLERGY allergens,200,OK,jp@gc Ultima Thread - Meta Allergen Only 1-4,text,true,,4058235,172,15,15,19404,0,0
1527119469382,19896,Get ALLERGY allergens,200,OK,jp@gc Ultima Thread - Meta Allergen Only 1-11,text,true,,4058235,172,16,16,19604,0,1
1527119469644,19997,Get ALLERGY allergens,200,OK,jp@gc Ultima Thread - Meta Allergen Only 1-8,text,true,,4058235,172,16,16,19764,0,1
1527119473239,19509,Get ALLERGY allergens,200,OK,jp@gc Ultima Thread - Meta Allergen Only 1-13,text,true,,4058235,172,16,16,18909,0,0
1527119472725,20024,Get ALLERGY allergens,200,OK,jp@gc Ultima Thread - Meta Allergen Only 1-7,text,true,,4058235,172,16,16,19633,0,0
1527119474091,21252,Get ALLERGY allergens,200,OK,jp@gc Ultima Thread - Meta Allergen Only 1-1,text,true,,4058235,172,17,17,20882,0,1
1527119475638,21230,Get ALLERGY allergens,200,OK,jp@gc Ultima Thread - Meta Allergen Only 1-10,text,true,,4058235,172,17,17,20814,0,1
1527119478519,21110,Get ALLERGY allergens,200,OK,jp@gc Ultima Thread - Meta Allergen Only 1-6,text,true,,4058235,172,18,18,20371,0,0
1527119477473,23294,Get ALLERGY allergens,200,OK,jp@gc Ultima Thread - Meta Allergen Only 1-5,text,true,,4058235,172,18,18,22686,0,2
1527119481956,22569,Get ALLERGY allergens,200,OK,jp@gc Ultima Thread - Meta Allergen Only 1-2,text,true,,4058235,172,19,19,21314,0,0
1527119481311,23314,Get ALLERGY allergens,200,OK,jp@gc Ultima Thread - Meta Allergen Only 1-12,text,true,,4058235,172,19,19,23055,0,1
1527119483459,23172,Get ALLERGY allergens,200,OK,jp@gc Ultima Thread - Meta Allergen Only 1-9,text,true,,4058235,172,19,19,22887,0,1
1527119484568,22704,Get ALLERGY allergens,200,OK,jp@gc Ultima Thread - Meta Allergen Only 1-22,text,true,,4058235,172,19,19,22043,0,0
1527119485210,23222,Get ALLERGY allergens,200,OK,jp@gc Ultima Thread - Meta Allergen Only 1-14,text,true,,4058235,172,19,19,22839,0,1
1527119485659,24074,Get ALLERGY allergens,200,OK,jp@gc Ultima Thread - Meta Allergen Only 1-3,text,true,,4058235,172,20,20,23067,0,0
1527119487129,24751,Get ALLERGY allergens,200,OK,jp@gc Ultima Thread - Meta Allergen Only 1-4,text,true,,4058235,172,20,20,24072,0,1
1527119489705,24521,Get ALLERGY allergens,200,OK,jp@gc Ultima Thread - Meta Allergen Only 1-21,text,true,,4058235,172,21,21,23787,0,1
1527119489689,26389,Get ALLERGY allergens,200,OK,jp@gc Ultima Thread - Meta Allergen Only 1-11,text,true,,4058235,172,21,21,25586,0,0
1527119490060,26656,Get ALLERGY allergens,200,OK,jp@gc Ultima Thread - Meta Allergen Only 1-8,text,true,,4058235,172,21,21,26240,0,0
1527119493100,26578,Get ALLERGY allergens,200,OK,jp@gc Ultima Thread - Meta Allergen Only 1-7,text,true,,4058235,172,22,22,25912,0,1
1527119493260,27932,Get ALLERGY allergens,200,OK,jp@gc Ultima Thread - Meta Allergen Only 1-13,text,true,,4058235,172,22,22,27371,0,1
1527119494510,26981,Get ALLERGY allergens,200,OK,jp@gc Ultima Thread - Meta Allergen Only 1-20,text,true,,4058235,172,22,22,26392,0,0
1527119495650,28328,Get ALLERGY allergens,200,OK,jp@gc Ultima Thread - Meta Allergen Only 1-1,text,true,,4058235,172,22,22,27825,0,1
1527119497184,30346,Get ALLERGY allergens,200,OK,jp@gc Ultima Thread - Meta Allergen Only 1-10,text,true,,4058235,172,22,22,29733,0,0
1527119499973,28792,Get ALLERGY allergens,200,OK,jp@gc Ultima Thread - Meta Allergen Only 1-6,text,true,,4058235,172,22,22,27431,0,0
1527119499483,30160,Get ALLERGY allergens,200,OK,jp@gc Ultima Thread - Meta Allergen Only 1-19,text,true,,4058235,172,22,22,29685,0,0
1527119501086,30333,Get ALLERGY allergens,200,OK,jp@gc Ultima Thread - Meta Allergen Only 1-5,text,true,,4058235,172,22,22,29800,0,1
1527119504951,30161,Get ALLERGY allergens,200,OK,jp@gc Ultima Thread - Meta Allergen Only 1-2,text,true,,4058235,172,23,23,29520,0,1
1527119505110,30252,Get ALLERGY allergens,200,OK,jp@gc Ultima Thread - Meta Allergen Only 1-12,text,true,,4058235,172,23,23,29225,0,0
1527119504686,31381,Get ALLERGY allergens,200,OK,jp@gc Ultima Thread - Meta Allergen Only 1-18,text,true,,4058235,172,23,23,30810,0,0
1527119507233,32312,Get ALLERGY allergens,200,OK,jp@gc Ultima Thread - Meta Allergen Only 1-9,text,true,,4058235,172,24,24,31249,0,0
1527119509470,30376,Get ALLERGY allergens,200,OK,jp@gc Ultima Thread - Meta Allergen Only 1-17,text,true,,4058235,172,24,24,29362,0,1
1527119508953,31998,Get ALLERGY allergens,200,OK,jp@gc Ultima Thread - Meta Allergen Only 1-14,text,true,,4058235,172,24,24,31232,0,0
1527119507613,35437,Get ALLERGY allergens,200,OK,jp@gc Ultima Thread - Meta Allergen Only 1-22,text,true,,4058235,172,24,24,34735,0,2
1527119510091,33118,Get ALLERGY allergens,200,OK,jp@gc Ultima Thread - Meta Allergen Only 1-3,text,true,,4058235,172,24,24,32891,0,0
1527119512451,32607,Get ALLERGY allergens,200,OK,jp@gc Ultima Thread - Meta Allergen Only 1-4,text,true,,4058235,172,25,25,32048,0,0
1527119514545,33893,Get ALLERGY allergens,200,OK,jp@gc Ultima Thread - Meta Allergen Only 1-16,text,true,,4058235,172,25,25,33002,0,1
1527119514674,34605,Get ALLERGY allergens,200,OK,jp@gc Ultima Thread - Meta Allergen Only 1-21,text,true,,4058235,172,26,26,33405,0,0
1527119516684,34552,Get ALLERGY allergens,200,OK,jp@gc Ultima Thread - Meta Allergen Only 1-11,text,true,,4058235,172,26,26,34110,0,1
1527119517306,34937,Get ALLERGY allergens,200,OK,jp@gc Ultima Thread - Meta Allergen Only 1-8,text,true,,4058235,172,26,26,34066,0,0
1527119521939,35408,Get ALLERGY allergens,200,OK,jp@gc Ultima Thread - Meta Allergen Only 1-20,text,true,,4058235,172,27,27,34261,0,0
1527119521805,35543,Get ALLERGY allergens,200,OK,jp@gc Ultima Thread - Meta Allergen Only 1-13,text,true,,4058235,172,27,27,34826,0,0
1527119520063,37337,Get ALLERGY allergens,200,OK,jp@gc Ultima Thread - Meta Allergen Only 1-7,text,true,,4058235,172,27,27,36439,0,1
1527119519434,38099,Get ALLERGY allergens,200,OK,jp@gc Ultima Thread - Meta Allergen Only 1-15,text,true,,4058235,172,27,27,37485,0,0
1527119524538,36048,Get ALLERGY allergens,200,OK,jp@gc Ultima Thread - Meta Allergen Only 1-1,text,true,,4058235,172,28,28,35330,0,0
1527119527882,38050,Get ALLERGY allergens,200,OK,jp@gc Ultima Thread - Meta Allergen Only 1-10,text,true,,4058235,172,29,29,36080,0,0
1527119529348,37833,Get ALLERGY allergens,200,OK,jp@gc Ultima Thread - Meta Allergen Only 1-6,text,true,,4058235,172,29,29,36815,0,1
1527119529992,39352,Get ALLERGY allergens,200,OK,jp@gc Ultima Thread - Meta Allergen Only 1-19,text,true,,4058235,172,30,30,37741,0,0
1527119534477,38951,Get ALLERGY allergens,200,OK,jp@gc Ultima Thread - Meta Allergen Only 1-30,text,true,,4058235,172,30,30,38052,0,1
1527119531874,43960,Get ALLERGY allergens,200,OK,jp@gc Ultima Thread - Meta Allergen Only 1-5,text,true,,4058235,172,30,30,41325,0,1
1527119535838,46262,Get ALLERGY allergens,200,OK,jp@gc Ultima Thread - Meta Allergen Only 1-12,text,true,,4058235,172,30,30,42410,0,1
1527119536386,46193,Get ALLERGY allergens,200,OK,jp@gc Ultima Thread - Meta Allergen Only 1-18,text,true,,4058235,172,30,30,44326,0,1
1527119535718,47678,Get ALLERGY allergens,200,OK,jp@gc Ultima Thread - Meta Allergen Only 1-2,text,true,,4058235,172,30,30,45359,0,1
1527119539407,46774,Get ALLERGY allergens,200,OK,jp@gc Ultima Thread - Meta Allergen Only 1-29,text,true,,4058235,172,30,30,45236,0,1
1527119540187,48520,Get ALLERGY allergens,200,OK,jp@gc Ultima Thread - Meta Allergen Only 1-17,text,true,,4058235,172,30,30,46311,0,0
1527119540053,51555,Get ALLERGY allergens,200,OK,jp@gc Ultima Thread - Meta Allergen Only 1-9,text,true,,4058235,172,30,30,48458,0,0
1527119541554,50055,Get ALLERGY allergens,200,OK,jp@gc Ultima Thread - Meta Allergen Only 1-14,text,true,,4058235,172,30,30,48299,0,0
1527119543628,52846,Get ALLERGY allergens,200,OK,jp@gc Ultima Thread - Meta Allergen Only 1-3,text,true,,4058235,172,30,30,50603,0,0
1527119543408,53158,Get ALLERGY allergens,200,OK,jp@gc Ultima Thread - Meta Allergen Only 1-22,text,true,,4058235,172,30,30,51837,0,0
1527119544540,52028,Get ALLERGY allergens,200,OK,jp@gc Ultima Thread - Meta Allergen Only 1-28,text,true,,4058235,172,30,30,50560,0,1
1527119545649,54114,Get ALLERGY allergens,200,OK,jp@gc Ultima Thread - Meta Allergen Only 1-4,text,true,,4058235,172,30,30,53104,0,1
1527119549632,56511,Get ALLERGY allergens,200,OK,jp@gc Ultima Thread - Meta Allergen Only 1-21,text,true,,4058235,172,30,30,53830,0,0
1527119548955,59609,Get ALLERGY allergens,200,OK,jp@gc Ultima Thread - Meta Allergen Only 1-16,text,true,,4058235,172,30,30,57505,0,0
1527119551552,57045,Get ALLERGY allergens,200,OK,jp@gc Ultima Thread - Meta Allergen Only 1-11,text,true,,4058235,172,30,30,55214,0,0
1527119549684,61543,Get ALLERGY allergens,200,OK,jp@gc Ultima Thread - Meta Allergen Only 1-27,text,true,,4058235,172,30,30,59874,0,0
1527119552748,61028,Get ALLERGY allergens,200,OK,jp@gc Ultima Thread - Meta Allergen Only 1-8,text,true,,4058235,172,30,30,58621,0,1
1527119554497,62575,Get ALLERGY allergens,200,OK,jp@gc Ultima Thread - Meta Allergen Only 1-26,text,true,,4058235,172,30,30,59735,0,1
1527119557655,61763,Get ALLERGY allergens,200,OK,jp@gc Ultima Thread - Meta Allergen Only 1-20,text,true,,4058235,172,30,30,58510,0,1
1527119558168,73598,Get ALLERGY allergens,200,OK,jp@gc Ultima Thread - Meta Allergen Only 1-15,text,true,,4058235,172,29,29,71668,0,1
1527119557858,74124,Get ALLERGY allergens,200,OK,jp@gc Ultima Thread - Meta Allergen Only 1-13,text,true,,4058235,172,28,28,72180,0,0
1527119558041,76186,Get ALLERGY allergens,200,OK,jp@gc Ultima Thread - Meta Allergen Only 1-7,text,true,,4058235,172,27,27,74758,0,0
1527119559582,76269,Get ALLERGY allergens,200,OK,jp@gc Ultima Thread - Meta Allergen Only 1-25,text,true,,4058235,172,26,26,75694,0,0
1527119560923,75128,Get ALLERGY allergens,200,OK,jp@gc Ultima Thread - Meta Allergen Only 1-1,text,true,,4058235,172,25,25,73495,0,1
1527119566536,88274,Get ALLERGY allergens,200,OK,jp@gc Ultima Thread - Meta Allergen Only 1-10,text,true,,4058235,172,24,24,84936,0,1
1527119564602,90874,Get ALLERGY allergens,200,OK,jp@gc Ultima Thread - Meta Allergen Only 1-24,text,true,,4058235,172,23,23,89517,0,1
1527119567520,90068,Get ALLERGY allergens,200,OK,jp@gc Ultima Thread - Meta Allergen Only 1-6,text,true,,4058235,172,22,22,87627,0,0
1527119569461,90212,Get ALLERGY allergens,200,OK,jp@gc Ultima Thread - Meta Allergen Only 1-23,text,true,,4058235,172,21,21,89546,0,1
1527119569683,90968,Get ALLERGY allergens,200,OK,jp@gc Ultima Thread - Meta Allergen Only 1-19,text,true,,4058235,172,20,20,89788,0,1
1527119573982,88737,Get ALLERGY allergens,200,OK,jp@gc Ultima Thread - Meta Allergen Only 1-30,text,true,,4058235,172,19,19,87549,0,1
1527119576452,90045,Get ALLERGY allergens,200,OK,jp@gc Ultima Thread - Meta Allergen Only 1-5,text,true,,4058235,172,18,18,88757,0,1
1527119583197,83358,Get ALLERGY allergens,200,OK,jp@gc Ultima Thread - Meta Allergen Only 1-18,text,true,,4058235,172,17,17,82702,0,1
1527119583783,82864,Get ALLERGY allergens,200,OK,jp@gc Ultima Thread - Meta Allergen Only 1-2,text,true,,4058235,172,16,16,82348,0,1
1527119582462,84186,Get ALLERGY allergens,200,OK,jp@gc Ultima Thread - Meta Allergen Only 1-12,text,true,,4058235,172,15,15,83895,0,1
1527119586785,82935,Get ALLERGY allergens,200,OK,jp@gc Ultima Thread - Meta Allergen Only 1-29,text,true,,4058235,172,14,14,82134,0,0
1527119589319,80861,Get ALLERGY allergens,200,OK,jp@gc Ultima Thread - Meta Allergen Only 1-17,text,true,,4058235,172,13,13,80545,0,1
1527119591950,79044,Get ALLERGY allergens,200,OK,jp@gc Ultima Thread - Meta Allergen Only 1-9,text,true,,4058235,172,12,12,78206,0,1
1527119596982,75188,Get ALLERGY allergens,200,OK,jp@gc Ultima Thread - Meta Allergen Only 1-3,text,true,,4058235,172,11,11,74163,0,0
1527119592081,80104,Get ALLERGY allergens,200,OK,jp@gc Ultima Thread - Meta Allergen Only 1-14,text,true,,4058235,172,10,10,79883,0,1
1527119597073,76430,Get ALLERGY allergens,200,OK,jp@gc Ultima Thread - Meta Allergen Only 1-28,text,true,,4058235,172,9,9,76153,0,0
1527119596941,76625,Get ALLERGY allergens,200,OK,jp@gc Ultima Thread - Meta Allergen Only 1-22,text,true,,4058235,172,8,8,76495,0,1
1527119600132,74460,Get ALLERGY allergens,200,OK,jp@gc Ultima Thread - Meta Allergen Only 1-4,text,true,,4058235,172,7,7,74343,0,1
1527119608916,67140,Get ALLERGY allergens,200,OK,jp@gc Ultima Thread - Meta Allergen Only 1-16,text,true,,4058235,172,6,6,66930,0,0
1527119606651,69569,Get ALLERGY allergens,200,OK,jp@gc Ultima Thread - Meta Allergen Only 1-21,text,true,,4058235,172,5,5,69399,0,1
1527119609148,69321,Get ALLERGY allergens,200,OK,jp@gc Ultima Thread - Meta Allergen Only 1-11,text,true,,4058235,172,4,4,69162,0,0
1527119611823,66790,Get ALLERGY allergens,200,OK,jp@gc Ultima Thread - Meta Allergen Only 1-27,text,true,,4058235,172,3,3,66642,0,0
1527119617384,61368,Get ALLERGY allergens,200,OK,jp@gc Ultima Thread - Meta Allergen Only 1-26,text,true,,4058235,172,2,2,61225,0,0
1527119614303,64455,Get ALLERGY allergens,200,OK,jp@gc Ultima Thread - Meta Allergen Only 1-8,text,true,,4058235,172,1,1,64445,0,1
